Industry_Type,W_Wage,W_Unemployment,W_Education,W_Pop_Growth,W_Office_Employment,Industry_Spatial_Gravity_0to1,Industry_Spatial_Adjustment,ISI_Score_0to1,DMPI_Labor_Raw,DMPI_Labor_Score_0to1,DMPI_Daily_Composite_Score,DMPI_Posture,DMPI_Top_Driver,Labor_Force,employment,Unemployed,Unemployment_Rate_County,Average_Weekly_Wage,Employment_LQ,Wage_LQ,JOLTS_Heat_Index,Labor_Slack_Score,Talent_Density_Index,Wage_Pressure_Index,Labor_Velocity_Factor,Market_Physics_Score
Law Firm,0.22,0.14,0.26,0.1,0.28,0.628,1.007,1.0,-0.00194704049844236,-0.00194704049844236,0.0500981497135253,LOOSE,CRE Stress,416148.0,394332.0,21816.0,5.2,2606.0,1.0,1.0,1.1,1.28859576102965,1.0,1.0,1.00194704049844,0.615443398665898
Defense,0.18,0.1,0.2,0.08,0.44,0.636,1.009,,-0.00194704049844236,-0.00194704049844236,0.0500981497135253,LOOSE,CRE Stress,416148.0,394332.0,21816.0,5.2,2606.0,1.0,1.0,1.1,1.28859576102965,1.0,1.0,1.00194704049844,0.615443398665898
Professional Services & Finance,0.28,0.18,0.2,0.1,0.24,0.6154,1.00385,,-0.00194704049844236,-0.00194704049844236,0.0500981497135253,LOOSE,CRE Stress,416148.0,394332.0,21816.0,5.2,2606.0,1.0,1.0,1.1,1.28859576102965,1.0,1.0,1.00194704049844,0.615443398665898
Accounting & Consulting,0.24,0.16,0.18,0.12,0.3,0.6174,1.00435,,-0.00194704049844236,-0.00194704049844236,0.0500981497135253,LOOSE,CRE Stress,416148.0,394332.0,21816.0,5.2,2606.0,1.0,1.0,1.1,1.28859576102965,1.0,1.0,1.00194704049844,0.615443398665898
AI/Quant/Tech,0.3,0.2,0.26,0.14,0.1,0.6096,1.0024,,-0.00194704049844236,-0.00194704049844236,0.0500981497135253,LOOSE,CRE Stress,416148.0,394332.0,21816.0,5.2,2606.0,1.0,1.0,1.1,1.28859576102965,1.0,1.0,1.00194704049844,0.615443398665898
Association,0.16,0.14,0.16,0.18,0.36,0.6166,1.00415,,-0.00194704049844236,-0.00194704049844236,0.0500981497135253,LOOSE,CRE Stress,416148.0,394332.0,21816.0,5.2,2606.0,1.0,1.0,1.1,1.28859576102965,1.0,1.0,1.00194704049844,0.615443398665898
Nonprofit,0.14,0.18,0.14,0.18,0.36,0.6092,1.0023,,-0.00194704049844236,-0.00194704049844236,0.0500981497135253,LOOSE,CRE Stress,416148.0,394332.0,21816.0,5.2,2606.0,1.0,1.0,1.1,1.28859576102965,1.0,1.0,1.00194704049844,0.615443398665898
Education,0.12,0.2,0.28,0.16,0.24,0.6156,1.0039,,-0.00194704049844236,-0.00194704049844236,0.0500981497135253,LOOSE,CRE Stress,416148.0,394332.0,21816.0,5.2,2606.0,1.0,1.0,1.1,1.28859576102965,1.0,1.0,1.00194704049844,0.615443398665898
